{
    "obj_dict": {
        "0": {
            "BB": [
                [
                    1364, 
                    610
                ], 
                [
                    1288, 
                    578
                ], 
                [
                    1322, 
                    499
                ], 
                [
                    1398, 
                    531
                ]
            ], 
            "Depth": 783, 
            "Distance": 257.6140524117425, 
            "Index": 0, 
            "Mask": [], 
            "Mask_size": 4419, 
            "Nor_vec": -2, 
            "Picking_Depth_Weight": 22.0, 
            "Picking_Point": [
                546, 
                1354
            ], 
            "Picking_Rotation": 38, 
            "Points": [
                [
                    554.0, 
                    1343.0
                ], 
                [
                    540.0, 
                    1349.0
                ], 
                [
                    568.0, 
                    1337.0
                ]
            ], 
            "Recog_Score": 0, 
            "Rotation": -22, 
            "Score": 1242.6140524117425, 
            "degree": []
        }, 
        "1": {
            "BB": [
                [
                    1071, 
                    747
                ], 
                [
                    1071, 
                    674
                ], 
                [
                    1162, 
                    674
                ], 
                [
                    1162, 
                    747
                ]
            ], 
            "Depth": 783, 
            "Distance": 448.98663677218724, 
            "Index": 1, 
            "Mask": [], 
            "Mask_size": 4721, 
            "Nor_vec": 1, 
            "Picking_Depth_Weight": 22.0, 
            "Picking_Point": [
                711, 
                1102
            ], 
            "Picking_Rotation": 0, 
            "Points": [
                [
                    710.0, 
                    1117.0
                ], 
                [
                    710.0, 
                    1102.0
                ], 
                [
                    710.0, 
                    1132.0
                ]
            ], 
            "Recog_Score": 0, 
            "Rotation": 89, 
            "Score": 1433.9866367721872, 
            "degree": []
        }, 
        "2": {
            "BB": [
                [
                    1438, 
                    662
                ], 
                [
                    1384, 
                    621
                ], 
                [
                    1428, 
                    563
                ], 
                [
                    1482, 
                    605
                ]
            ], 
            "Depth": 770, 
            "Distance": 340.0852834216735, 
            "Index": 2, 
            "Mask": [], 
            "Mask_size": 3755, 
            "Nor_vec": -6, 
            "Picking_Depth_Weight": 22.0, 
            "Picking_Point": [
                613, 
                1432
            ], 
            "Picking_Rotation": -41, 
            "Points": [
                [
                    613.0, 
                    1433.0
                ], 
                [
                    601.0, 
                    1442.0
                ], 
                [
                    625.0, 
                    1424.0
                ]
            ], 
            "Recog_Score": 0, 
            "Rotation": -37, 
            "Score": 1318.0852834216735, 
            "degree": []
        }, 
        "3": {
            "BB": [
                [
                    1343, 
                    709
                ], 
                [
                    1332, 
                    648
                ], 
                [
                    1415, 
                    633
                ], 
                [
                    1427, 
                    693
                ]
            ], 
            "Depth": 782, 
            "Distance": 379.3178087039943, 
            "Index": 3, 
            "Mask": [], 
            "Mask_size": 3637, 
            "Nor_vec": -4, 
            "Picking_Depth_Weight": 22.0, 
            "Picking_Point": [
                661, 
                1389
            ], 
            "Picking_Rotation": 40, 
            "Points": [
                [
                    671.0, 
                    1379.0
                ], 
                [
                    668.0, 
                    1394.0
                ], 
                [
                    674.0, 
                    1364.0
                ]
            ], 
            "Recog_Score": 0, 
            "Rotation": -79, 
            "Score": 1368.3178087039942, 
            "degree": []
        }, 
        "4": {
            "BB": [
                [
                    1341, 
                    643
                ], 
                [
                    1338, 
                    606
                ], 
                [
                    1389, 
                    603
                ], 
                [
                    1392, 
                    639
                ]
            ], 
            "Depth": 783, 
            "Distance": 329.4753405036559, 
            "Index": 4, 
            "Mask": [], 
            "Mask_size": 1325, 
            "Nor_vec": -2, 
            "Picking_Depth_Weight": 22.0, 
            "Picking_Point": [
                617, 
                1374
            ], 
            "Picking_Rotation": 54, 
            "Points": [
                [
                    623.0, 
                    1365.0
                ], 
                [
                    622.0, 
                    1380.0
                ], 
                [
                    624.0, 
                    1350.0
                ]
            ], 
            "Recog_Score": 0, 
            "Rotation": -85, 
            "Score": 1318.4753405036558, 
            "degree": []
        }
    }, 
    "obj_prp": {
        "selected_obj": 0, 
        "the_num_of_obj": 5
    }
}